"STATION","NAME","LATITUDE","LONGITUDE","ELEVATION","DATE","DAPR","DAPR_ATTRIBUTES","MDPR","MDPR_ATTRIBUTES","PRCP","PRCP_ATTRIBUTES","SNOW","SNOW_ATTRIBUTES","SNWD","SNWD_ATTRIBUTES","TMAX","TMAX_ATTRIBUTES","TMIN","TMIN_ATTRIBUTES","TOBS","TOBS_ATTRIBUTES","WT01","WT01_ATTRIBUTES","WT03","WT03_ATTRIBUTES","WT04","WT04_ATTRIBUTES","WT05","WT05_ATTRIBUTES","WT06","WT06_ATTRIBUTES","WT11","WT11_ATTRIBUTES"
"USC00265818","OROVADA 3 W, NV US","41.5684","-117.8388","1280.2","2017-01-01",,,,,"0.00",",,7,2000","0.0",",,7,2000","1",",,7,2000","32",",,7","9",",,7","20",",,7,2000",,,,,,,,,,,,
"USC00265818","OROVADA 3 W, NV US","41.5684","-117.8388","1280.2","2017-01-03","    2",",,7","0.21",",,7",,,"6.0",",,7,2000","7",",,7,2000","35",",,7","22",",,7","30",",,7,2000",,,,,,,,,,,,
"USC00265818","OROVADA 3 W, NV US","41.5684","-117.8388","1280.2","2017-01-04",,,,,"0.44",",,7,2000","6.0",",,7,2000","10",",,7,2000","37",",,7","17",",,7","17",",,7,2000",,,,,,,,,,,,
"USC00265818","OROVADA 3 W, NV US","41.5684","-117.8388","1280.2","2017-01-05",,,,,"0.00",",,7,2000","0.0",",,7,2000","9",",,7,2000","21",",,7","-4",",,7","-4",",,7,2000",,,,,,,,,,,,
"USC00265818","OROVADA 3 W, NV US","41.5684","-117.8388","1280.2","2017-01-06",,,,,"0.00",",,7,2000","0.0",",,7,2000","9",",,7,2000","12",",,7","-26",",,7","2",",,7,2000",,,,,,,,,,,,
"USC00265818","OROVADA 3 W, NV US","41.5684","-117.8388","1280.2","2017-01-07",,,,,"0.06",",,7,2000","1.0",",,7,2000","9",",,7,2000","29",",,7","-10",",,7","28",",,7,2000",,,,,,,,,,,,
"USC00265818","OROVADA 3 W, NV US","41.5684","-117.8388","1280.2","2017-01-08",,,,,"0.56",",,7,2000","0.0",",,7,2000","6",",,7,2000","40",",,7","26",",,7","38",",,7,2000",,,,,,,,,,,,
"USC00265818","OROVADA 3 W, NV US","41.5684","-117.8388","1280.2","2017-01-09",,,,,"0.05",",,7,2000","0.0",",,7,2000","3",",,7,2000","41",",,7","35",",,7","35",",,7,2000",,,,,,,,,,,,
"USC00265818","OROVADA 3 W, NV US","41.5684","-117.8388","1280.2","2017-01-10",,,,,"0.00","T,,7,2000","0.0",",,7,2000","1",",,7,2000","42",",,7","35",",,7","39",",,7,2000",,,,,,,,,,,,
"USC00265818","OROVADA 3 W, NV US","41.5684","-117.8388","1280.2","2017-01-11",,,,,"0.11",",,7,2000","0.0",",,7,2000","0","T,,7,2000","43",",,7","34",",,7","36",",,7,2000",,,,,,,,,,,,
"USC00265818","OROVADA 3 W, NV US","41.5684","-117.8388","1280.2","2017-01-12",,,,,"0.05",",,7,2000","1.0",",,7,2000","1",",,7,2000","36",",,7","9",",,7","26",",,7,2000",,,,,,,,,,,,
"USC00265818","OROVADA 3 W, NV US","41.5684","-117.8388","1280.2","2017-01-13",,,,,"0.00",",,7,2000","0.0",",,7,2000","1",",,7,2000","35",",,7","20",",,7","25",",,7,2000",,,,,,,,,,,,
"USC00265818","OROVADA 3 W, NV US","41.5684","-117.8388","1280.2","2017-01-14",,,,,"0.00",",,7,2000","0.0",",,7,2000","0","T,,7,2000","33",",,7","10",",,7","18",",,7,2000",,,,,,,,,,,,
"USC00265818","OROVADA 3 W, NV US","41.5684","-117.8388","1280.2","2017-01-15",,,,,"0.00",",,7,2000","0.0",",,7,2000","0","T,,7,2000","28",",,7","8",",,7","25",",,7,2000","    1",",,7",,,,,,,,,,
"USC00265818","OROVADA 3 W, NV US","41.5684","-117.8388","1280.2","2017-01-16",,,,,"0.00",",,7,2000","0.0",",,7,2000","0","T,,7,2000","28",",,7","22",",,7","26",",,7,2000",,,,,,,,,,,,
"USC00265818","OROVADA 3 W, NV US","41.5684","-117.8388","1280.2","2017-01-17",,,,,"0.00",",,7,2000","0.0",",,7,2000","0","T,,7,2000","35",",,7","23",",,7","25",",,7,2000",,,,,,,,,,,,
"USC00265818","OROVADA 3 W, NV US","41.5684","-117.8388","1280.2","2017-01-18",,,,,"0.32",",,7,2000","0.0","T,,7,2000","0","T,,7,2000","38",",,7","25",",,7","33",",,7,2000",,,,,,,,,,,,
"USC00265818","OROVADA 3 W, NV US","41.5684","-117.8388","1280.2","2017-01-19",,,,,"0.05",",,7,2000","0.0","T,,7,2000","0","T,,7,2000","40",",,7","30",",,7","32",",,7,2000",,,,,,,,,"    1",",,7",,
"USC00265818","OROVADA 3 W, NV US","41.5684","-117.8388","1280.2","2017-01-20",,,,,"0.11",",,7,2000","1.3",",,7,2000","1",",,7,2000","38",",,7","29",",,7","30",",,7,2000",,,,,,,,,,,,
"USC00265818","OROVADA 3 W, NV US","41.5684","-117.8388","1280.2","2017-01-21",,,,,"0.00","T,,7,2000","0.0","T,,7,2000","0","T,,7,2000","39",",,7","22",",,7","34",",,7,2000",,,,,,,,,,,,
"USC00265818","OROVADA 3 W, NV US","41.5684","-117.8388","1280.2","2017-01-22",,,,,"0.04",",,7,2000","0.0",",,7,2000","0","T,,7,2000","40",",,7","28",",,7","28",",,7,2000",,,,,,,,,,,,
"USC00265818","OROVADA 3 W, NV US","41.5684","-117.8388","1280.2","2017-01-23",,,,,"0.07",",,7,2000","1.0",",,7,2000","1",",,7,2000","38",",,7","28",",,7","28",",,7,2000",,,,,,,,,,,,
"USC00265818","OROVADA 3 W, NV US","41.5684","-117.8388","1280.2","2017-01-24",,,,,"0.00",",,7,2000","0.0",",,7,2000","0","T,,7,2000","34",",,7","22",",,7","28",",,7,2000",,,,,,,,,,,,
"USC00265818","OROVADA 3 W, NV US","41.5684","-117.8388","1280.2","2017-01-25",,,,,"0.06",",,7,2000","0.0","T,,7,2000","0","T,,7,2000","33",",,7","26",",,7","29",",,7,2000",,,,,,,,,"    1",",,7",,
"USC00265818","OROVADA 3 W, NV US","41.5684","-117.8388","1280.2","2017-01-26",,,,,"0.04",",,7,2000","0.0","T,,7,2000","0","T,,7,2000","35",",,7","26",",,7","29",",,7,2000",,,,,,,,,,,,
"USC00265818","OROVADA 3 W, NV US","41.5684","-117.8388","1280.2","2017-01-27",,,,,"0.00",",,7,2000","0.0",",,7,2000","0","T,,7,2000","39",",,7","14",",,7","25",",,7,2000",,,,,,,,,,,,
"USC00265818","OROVADA 3 W, NV US","41.5684","-117.8388","1280.2","2017-01-28",,,,,"0.00",",,7,2000","0.0",",,7,2000","0","T,,7,2000","37",",,7","12",",,7","23",",,7,2000",,,,,,,,,,,,
"USC00265818","OROVADA 3 W, NV US","41.5684","-117.8388","1280.2","2017-01-29",,,,,"0.00",",,7,2000","0.0",",,7,2000","0","T,,7,2000","39",",,7","11",",,7","28",",,7,2000",,,,,,,,,,,,
"USC00265818","OROVADA 3 W, NV US","41.5684","-117.8388","1280.2","2017-01-30",,,,,"0.00",",,7,2000","0.0",",,7,2000","0","T,,7,2000","42",",,7","13",",,7","31",",,7,2000",,,,,,,,,,,,
"USC00265818","OROVADA 3 W, NV US","41.5684","-117.8388","1280.2","2017-01-31",,,,,"0.00",",,7,2000","0.0",",,7,2000","0","T,,7,2000","41",",,7","23",",,7","34",",,7,2000",,,,,,,,,,,,
"USC00265818","OROVADA 3 W, NV US","41.5684","-117.8388","1280.2","2017-02-01",,,,,"0.00",",,7,2000","0.0",",,7,2000","0","T,,7,2000","48",",,7","29",",,7","33",",,7,2000",,,,,,,,,,,,
"USC00265818","OROVADA 3 W, NV US","41.5684","-117.8388","1280.2","2017-02-02",,,,,"0.00",",,7,2000","0.0",",,7,2000","0","T,,7,2000","40",",,7","29",",,7","32",",,7,2000",,,,,,,,,,,,
"USC00265818","OROVADA 3 W, NV US","41.5684","-117.8388","1280.2","2017-02-03",,,,,"0.03",",,7,2000","0.0",",,7,2000","0","T,,7,2000","45",",,7","29",",,7","40",",,7,2000",,,,,,,,,,,,
"USC00265818","OROVADA 3 W, NV US","41.5684","-117.8388","1280.2","2017-02-04",,,,,"0.00",",,7,2000","0.0",",,7,2000","0",",,7,2000","50",",,7","40",",,7","43",",,7,2000",,,,,,,,,,,,
"USC00265818","OROVADA 3 W, NV US","41.5684","-117.8388","1280.2","2017-02-05",,,,,"0.00",",,7,2000","0.0",",,7,2000","0",",,7,2000","51",",,7","35",",,7","40",",,7,2000",,,,,,,,,,,,
"USC00265818","OROVADA 3 W, NV US","41.5684","-117.8388","1280.2","2017-02-06",,,,,"0.00","T,,7,2000","0.0",",,7,2000","0",",,7,2000","60",",,7","36",",,7","43",",,7,2000",,,,,,,,,,,,
"USC00265818","OROVADA 3 W, NV US","41.5684","-117.8388","1280.2","2017-02-07",,,,,"0.53",",,7,2000","0.0",",,7,2000","0",",,7,2000","59",",,7","38",",,7","42",",,7,2000",,,,,,,,,,,,
"USC00265818","OROVADA 3 W, NV US","41.5684","-117.8388","1280.2","2017-02-08",,,,,"0.03",",,7,2000","0.0",",,7,2000","0",",,7,2000","52",",,7","36",",,7","52",",,7,2000",,,,,,,,,,,,
"USC00265818","OROVADA 3 W, NV US","41.5684","-117.8388","1280.2","2017-02-09",,,,,"0.03",",,7,2000","0.0",",,7,2000","0",",,7,2000","60",",,7","46",",,7","50",",,7,2000",,,,,,,,,,,,
"USC00265818","OROVADA 3 W, NV US","41.5684","-117.8388","1280.2","2017-02-10",,,,,"0.00",",,7,2000","0.0",",,7,2000","0",",,7,2000","51",",,7","37",",,7","37",",,7,2000",,,,,,,,,,,,
"USC00265818","OROVADA 3 W, NV US","41.5684","-117.8388","1280.2","2017-02-11",,,,,"0.00",",,7,2000","0.0",",,7,2000","0",",,7,2000","45",",,7","21",",,7","34",",,7,2000",,,,,,,,,,,,
"USC00265818","OROVADA 3 W, NV US","41.5684","-117.8388","1280.2","2017-02-12",,,,,"0.00",",,7,2000","0.0",",,7,2000","0",",,7,2000","48",",,7","23",",,7","31",",,7,2000",,,,,,,,,,,,
"USC00265818","OROVADA 3 W, NV US","41.5684","-117.8388","1280.2","2017-02-13",,,,,"0.00",",,7,2000","0.0",",,7,2000","0",",,7,2000","52",",,7","23",",,7","31",",,7,2000",,,,,,,,,,,,
"USC00265818","OROVADA 3 W, NV US","41.5684","-117.8388","1280.2","2017-02-14",,,,,"0.00",",,7,2000","0.0",",,7,2000","0",",,7,2000","56",",,7","20",",,7","37",",,7,2000",,,,,,,,,,,,
"USC00265818","OROVADA 3 W, NV US","41.5684","-117.8388","1280.2","2017-02-15",,,,,"0.00",",,7,2000","0.0",",,7,2000","0",",,7,2000","58",",,7","24",",,7","41",",,7,2000",,,,,,,,,,,,
"USC00265818","OROVADA 3 W, NV US","41.5684","-117.8388","1280.2","2017-02-16",,,,,"0.00",",,7,2000","0.0",",,7,2000","0",",,7,2000","58",",,7","35",",,7","39",",,7,2000",,,,,,,,,,,,
"USC00265818","OROVADA 3 W, NV US","41.5684","-117.8388","1280.2","2017-02-17",,,,,"0.18",",,7,2000","0.0",",,7,2000","0",",,7,2000","51",",,7","28",",,7","39",",,7,2000",,,,,,,,,,,,
"USC00265818","OROVADA 3 W, NV US","41.5684","-117.8388","1280.2","2017-02-18",,,,,"0.17",",,7,2000","0.0",",,7,2000","0",",,7,2000","53",",,7","34",",,7","40",",,7,2000",,,,,,,,,,,,
"USC00265818","OROVADA 3 W, NV US","41.5684","-117.8388","1280.2","2017-02-19",,,,,"0.00",",,7,2000","0.0",",,7,2000","0",",,7,2000","55",",,7","35",",,7","45",",,7,2000",,,,,,,,,,,,
"USC00265818","OROVADA 3 W, NV US","41.5684","-117.8388","1280.2","2017-02-20",,,,,"0.13",",,7,2000","0.0",",,7,2000","0",",,7,2000","49",",,7","38",",,7","42",",,7,2000",,,,,,,,,,,,
"USC00265818","OROVADA 3 W, NV US","41.5684","-117.8388","1280.2","2017-02-21",,,,,"0.12",",,7,2000","0.0",",,7,2000","0",",,7,2000","49",",,7","33",",,7","34",",,7,2000",,,,,,,,,,,,
"USC00265818","OROVADA 3 W, NV US","41.5684","-117.8388","1280.2","2017-02-22",,,,,"0.24",",,7,2000","1.0",",,7,2000","0","T,,7,2000","35",",,7","23",",,7","28",",,7,2000",,,,,,,,,,,,
"USC00265818","OROVADA 3 W, NV US","41.5684","-117.8388","1280.2","2017-02-23",,,,,"0.00",",,7,2000","0.0",",,7,2000","0","T,,7,2000","36",",,7","14",",,7","22",",,7,2000",,,,,,,,,,,,
"USC00265818","OROVADA 3 W, NV US","41.5684","-117.8388","1280.2","2017-02-24",,,,,"0.00",",,7,2000","0.0",",,7,2000","0",",,7,2000","35",",,7","14",",,7","22",",,7,2000",,,,,,,,,,,,
"USC00265818","OROVADA 3 W, NV US","41.5684","-117.8388","1280.2","2017-02-25",,,,,"0.00",",,7,2000","0.0",",,7,2000","0",",,7,2000","36",",,7","14",",,7","22",",,7,2000",,,,,,,,,,,,
"USC00265818","OROVADA 3 W, NV US","41.5684","-117.8388","1280.2","2017-02-26",,,,,"0.00","T,,7,2000","0.0",",,7,2000","0",",,7,2000","40",",,7","15",",,7","31",",,7,2000",,,,,,,,,,,,
"USC00265818","OROVADA 3 W, NV US","41.5684","-117.8388","1280.2","2017-02-27",,,,,"0.00",",,7,2000","0.0",",,7,2000","0",",,7,2000","40",",,7","20",",,7","30",",,7,2000",,,,,,,,,,,,
"USC00265818","OROVADA 3 W, NV US","41.5684","-117.8388","1280.2","2017-02-28",,,,,"0.00",",,7,2000","0.0",",,7,2000","0",",,7,2000","41",",,7","25",",,7","29",",,7,2000",,,,,,,,,,,,
"USC00265818","OROVADA 3 W, NV US","41.5684","-117.8388","1280.2","2017-03-01",,,,,"0.00",",,7,2000","0.0",",,7,2000","0",",,7,2000","49",",,7","18",",,7","30",",,7,2000",,,,,,,,,,,,
"USC00265818","OROVADA 3 W, NV US","41.5684","-117.8388","1280.2","2017-03-02",,,,,"0.00",",,7,2000","0.0",",,7,2000","0",",,7,2000","55",",,7","26",",,7","33",",,7,2000",,,,,,,,,,,,
"USC00265818","OROVADA 3 W, NV US","41.5684","-117.8388","1280.2","2017-03-03",,,,,"0.00",",,7,2000","0.0",",,7,2000","0",",,7,2000","55",",,7","24",",,7","43",",,7,2000",,,,,,,,,,,,
"USC00265818","OROVADA 3 W, NV US","41.5684","-117.8388","1280.2","2017-03-04",,,,,"0.00",",,7,2000","0.0",",,7,2000","0",",,7,2000","58",",,7","36",",,7","44",",,7,2000",,,,,,,,,,,,
"USC00265818","OROVADA 3 W, NV US","41.5684","-117.8388","1280.2","2017-03-05",,,,,"0.26",",,7,2000","3.0",",,7,2000","1",",,7,2000","44",",,7","25",",,7","26",",,7,2000",,,,,,,,,,,,
"USC00265818","OROVADA 3 W, NV US","41.5684","-117.8388","1280.2","2017-03-06",,,,,"0.00","T,,7,2000","0.0","T,,7,2000","0","T,,7,2000","35",",,7","22",",,7","33",",,7,2000",,,,,,,,,,,,
"USC00265818","OROVADA 3 W, NV US","41.5684","-117.8388","1280.2","2017-03-07",,,,,"0.06",",,7,2000","0.0","T,,7,2000","0",",,7,2000","41",",,7","31",",,7","39",",,7,2000",,,,,"    1",",,7",,,,,,
"USC00265818","OROVADA 3 W, NV US","41.5684","-117.8388","1280.2","2017-03-08",,,,,"0.00",",,7,2000","0.0",",,7,2000","0",",,7,2000","60",",,7","38",",,7","42",",,7,2000",,,,,,,,,,,,
"USC00265818","OROVADA 3 W, NV US","41.5684","-117.8388","1280.2","2017-03-09",,,,,"0.00",",,7,2000","0.0",",,7,2000","0",",,7,2000","65",",,7","35",",,7","48",",,7,2000",,,,,,,,,,,,
"USC00265818","OROVADA 3 W, NV US","41.5684","-117.8388","1280.2","2017-03-10",,,,,"0.00",",,7,2000","0.0",",,7,2000","0",",,7,2000","61",",,7","39",",,7","41",",,7,2000",,,,,,,,,,,,
"USC00265818","OROVADA 3 W, NV US","41.5684","-117.8388","1280.2","2017-03-11",,,,,"0.00",",,7,2000","0.0",",,7,2000","0",",,7,2000","68",",,7","27",",,7","49",",,7,2000",,,,,,,,,,,,
"USC00265818","OROVADA 3 W, NV US","41.5684","-117.8388","1280.2","2017-03-12",,,,,"0.00",",,7,2000","0.0",",,7,2000","0",",,7,2000","66",",,7","33",",,7","50",",,7,2000",,,,,,,,,,,,
"USC00265818","OROVADA 3 W, NV US","41.5684","-117.8388","1280.2","2017-03-13",,,,,"0.00",",,7,2000","0.0",",,7,2000","0",",,7,2000","72",",,7","28",",,7","44",",,7,2000",,,,,,,,,,,,
"USC00265818","OROVADA 3 W, NV US","41.5684","-117.8388","1280.2","2017-03-14",,,,,"0.00",",,7,2000","0.0",",,7,2000","0",",,7,2000","74",",,7","27",",,7","59",",,7,2000",,,,,,,,,,,,
"USC00265818","OROVADA 3 W, NV US","41.5684","-117.8388","1280.2","2017-03-15",,,,,"0.00",",,7,2000","0.0",",,7,2000","0",",,7,2000","65",",,7","26",",,7","54",",,7,2000",,,,,,,,,,,,
"USC00265818","OROVADA 3 W, NV US","41.5684","-117.8388","1280.2","2017-03-16",,,,,"0.00",",,7,2000","0.0",",,7,2000","0",",,7,2000","66",",,7","39",",,7","53",",,7,2000",,,,,,,,,,,,
"USC00265818","OROVADA 3 W, NV US","41.5684","-117.8388","1280.2","2017-03-17",,,,,"0.00",",,7,2000","0.0",",,7,2000","0",",,7,2000","73",",,7","31",",,7","51",",,7,2000",,,,,,,,,,,,
"USC00265818","OROVADA 3 W, NV US","41.5684","-117.8388","1280.2","2017-03-18",,,,,"0.00",",,7,2000","0.0",",,7,2000","0",",,7,2000","64",",,7","35",",,7","53",",,7,2000",,,,,,,,,,,,
"USC00265818","OROVADA 3 W, NV US","41.5684","-117.8388","1280.2","2017-03-19",,,,,"0.00",",,7,2000","0.0",",,7,2000","0",",,7,2000","61",",,7","37",",,7","50",",,7,2000",,,,,,,,,,,,
"USC00265818","OROVADA 3 W, NV US","41.5684","-117.8388","1280.2","2017-03-20",,,,,"0.00",",,7,2000","0.0",",,7,2000","0",",,7,2000","71",",,7","41",",,7","60",",,7,2000",,,,,,,,,,,,
"USC00265818","OROVADA 3 W, NV US","41.5684","-117.8388","1280.2","2017-03-21",,,,,"0.29",",,7,2000","0.0",",,7,2000","0",",,7,2000","61",",,7","38",",,7","44",",,7,2000",,,"    1",",,7",,,,,,,,
"USC00265818","OROVADA 3 W, NV US","41.5684","-117.8388","1280.2","2017-03-22",,,,,"0.00",",,7,2000","0.0",",,7,2000","0",",,7,2000","57",",,7","32",",,7","43",",,7,2000",,,,,,,,,,,,
"USC00265818","OROVADA 3 W, NV US","41.5684","-117.8388","1280.2","2017-03-23",,,,,"0.00",",,7,2000","0.0",",,7,2000","0",",,7,2000","57",",,7","30",",,7","43",",,7,2000",,,,,,,,,,,,
"USC00265818","OROVADA 3 W, NV US","41.5684","-117.8388","1280.2","2017-03-24",,,,,"0.04",",,7,2000","0.0",",,7,2000","0",",,7,2000","56",",,7","33",",,7","43",",,7,2000",,,,,,,,,,,,
"USC00265818","OROVADA 3 W, NV US","41.5684","-117.8388","1280.2","2017-03-25",,,,,"0.00",",,7,2000","0.0",",,7,2000","0",",,7,2000","58",",,7","27",",,7","39",",,7,2000",,,,,,,,,,,,
"USC00265818","OROVADA 3 W, NV US","41.5684","-117.8388","1280.2","2017-03-26",,,,,"0.00",",,7,2000","0.0",",,7,2000","0",",,7,2000","56",",,7","28",",,7","46",",,7,2000",,,,,,,,,,,,
"USC00265818","OROVADA 3 W, NV US","41.5684","-117.8388","1280.2","2017-03-27",,,,,"0.15",",,7,2000","0.0",",,7,2000","0",",,7,2000","50",",,7","35",",,7","37",",,7,2000",,,,,,,,,,,,
"USC00265818","OROVADA 3 W, NV US","41.5684","-117.8388","1280.2","2017-03-28",,,,,"0.00",",,7,2000","0.0",",,7,2000","0",",,7,2000","51",",,7","21",",,7","45",",,7,2000",,,,,,,,,,,,
"USC00265818","OROVADA 3 W, NV US","41.5684","-117.8388","1280.2","2017-03-29",,,,,"0.00","T,,7,2000","0.0",",,7,2000","0",",,7,2000","68",",,7","26",",,7","51",",,7,2000",,,,,,,,,,,,
"USC00265818","OROVADA 3 W, NV US","41.5684","-117.8388","1280.2","2017-03-30",,,,,"0.92",",,7,2000","4.5",",,7,2000","0","T,,7,2000","51",",,7","32",",,7","36",",,7,2000",,,"    1",",,7",,,,,,,"    1",",,7"
"USC00265818","OROVADA 3 W, NV US","41.5684","-117.8388","1280.2","2017-03-31",,,,,"0.00",",,7,2000","0.0",",,7,2000","0",",,7,2000","55",",,7","33",",,7","45",",,7,2000",,,,,,,,,,,,
"USC00265818","OROVADA 3 W, NV US","41.5684","-117.8388","1280.2","2017-04-01",,,,,"0.00",",,7,2000","0.0",",,7,2000","0",",,7,2000","62",",,7","25",",,7","45",",,7,2000",,,,,,,,,,,,
"USC00265818","OROVADA 3 W, NV US","41.5684","-117.8388","1280.2","2017-04-02",,,,,"0.18",",,7,2000","0.0",",,7,2000","0",",,7,2000","60",",,7","40",",,7","46",",,7,2000",,,,,,,,,,,,
"USC00265818","OROVADA 3 W, NV US","41.5684","-117.8388","1280.2","2017-04-03",,,,,"0.00",",,7,2000","0.0",",,7,2000","0",",,7,2000","52",",,7","32",",,7","39",",,7,2000",,,,,,,,,,,,
"USC00265818","OROVADA 3 W, NV US","41.5684","-117.8388","1280.2","2017-04-04",,,,,"0.00",",,7,2000","0.0",",,7,2000","0",",,7,2000","60",",,7","24",",,7","48",",,7,2000",,,,,,,,,,,,
"USC00265818","OROVADA 3 W, NV US","41.5684","-117.8388","1280.2","2017-04-05",,,,,"0.00",",,7,2000","0.0",",,7,2000","0",",,7,2000","72",",,7","34",",,7","62",",,7,2000",,,,,,,,,,,,
"USC00265818","OROVADA 3 W, NV US","41.5684","-117.8388","1280.2","2017-04-06",,,,,"0.00",",,7,2000","0.0",",,7,2000","0",",,7,2000","63",",,7","48",",,7","55",",,7,2000",,,,,,,,,,,,
"USC00265818","OROVADA 3 W, NV US","41.5684","-117.8388","1280.2","2017-04-07",,,,,"0.17",",,7,2000","0.0",",,7,2000","0",",,7,2000","55",",,7","42",",,7","44",",,7,2000",,,,,,,,,,,,
"USC00265818","OROVADA 3 W, NV US","41.5684","-117.8388","1280.2","2017-04-08",,,,,"0.18",",,7,2000","0.0",",,7,2000","0",",,7,2000","47",",,7","32",",,7","35",",,7,2000",,,,,,,,,,,,
"USC00265818","OROVADA 3 W, NV US","41.5684","-117.8388","1280.2","2017-04-09",,,,,"0.00",",,7,2000","0.0",",,7,2000","0",",,7,2000","53",",,7","22",",,7","44",",,7,2000",,,,,,,,,,,,
"USC00265818","OROVADA 3 W, NV US","41.5684","-117.8388","1280.2","2017-04-10",,,,,"0.00",",,7,2000","0.0",",,7,2000","0",",,7,2000","57",",,7","32",",,7","40",",,7,2000",,,,,,,,,,,,
"USC00265818","OROVADA 3 W, NV US","41.5684","-117.8388","1280.2","2017-04-11",,,,,"0.00",",,7,2000","0.0",",,7,2000","0",",,7,2000","61",",,7","28",",,7","47",",,7,2000",,,,,,,,,,,,
"USC00265818","OROVADA 3 W, NV US","41.5684","-117.8388","1280.2","2017-04-12",,,,,"0.00",",,7,2000","0.0",",,7,2000","0",",,7,2000","71",",,7","35",",,7","59",",,7,2000",,,,,,,,,,,,
"USC00265818","OROVADA 3 W, NV US","41.5684","-117.8388","1280.2","2017-04-13",,,,,"0.43",",,7,2000","0.0","T,,7,2000","0",",,7,2000","71",",,7","32",",,7","36",",,7,2000",,,"    1",",,7","    1",",,7",,,,,,
"USC00265818","OROVADA 3 W, NV US","41.5684","-117.8388","1280.2","2017-04-14",,,,,"0.10",",,7,2000","0.0",",,7,2000","0",",,7,2000","49",",,7","32",",,7","38",",,7,2000",,,,,,,,,,,,
"USC00265818","OROVADA 3 W, NV US","41.5684","-117.8388","1280.2","2017-04-15",,,,,"0.00",",,7,2000","0.0",",,7,2000","0",",,7,2000","59",",,7","22",",,7","40",",,7,2000",,,,,,,,,,,,
"USC00265818","OROVADA 3 W, NV US","41.5684","-117.8388","1280.2","2017-04-16",,,,,"0.00",",,7,2000","0.0",",,7,2000","0",",,7,2000","69",",,7","27",",,7","59",",,7,2000",,,,,,,,,,,"    1",",,7"
"USC00265818","OROVADA 3 W, NV US","41.5684","-117.8388","1280.2","2017-04-17",,,,,"0.07",",,7,2000","0.0",",,7,2000","0",",,7,2000","60",",,7","41",",,7","49",",,7,2000",,,,,,,,,,,,
"USC00265818","OROVADA 3 W, NV US","41.5684","-117.8388","1280.2","2017-04-18",,,,,"0.12",",,7,2000","0.0",",,7,2000","0",",,7,2000","62",",,7","44",",,7","54",",,7,2000",,,,,,,,,,,,
"USC00265818","OROVADA 3 W, NV US","41.5684","-117.8388","1280.2","2017-04-19",,,,,"0.00",",,7,2000","0.0",",,7,2000","0",",,7,2000","64",",,7","30",",,7","49",",,7,2000",,,,,,,,,,,,
"USC00265818","OROVADA 3 W, NV US","41.5684","-117.8388","1280.2","2017-04-20",,,,,"0.00",",,7,2000","0.0",",,7,2000","0",",,7,2000","56",",,7","40",",,7","44",",,7,2000",,,,,,,,,,,,
"USC00265818","OROVADA 3 W, NV US","41.5684","-117.8388","1280.2","2017-04-21",,,,,"0.00",",,7,2000","0.0",",,7,2000","0",",,7,2000","60",",,7","25",",,7","52",",,7,2000",,,,,,,,,,,,
"USC00265818","OROVADA 3 W, NV US","41.5684","-117.8388","1280.2","2017-04-22",,,,,"0.00",",,7,2000","0.0",",,7,2000","0",",,7,2000","69",",,7","28",",,7","60",",,7,2000",,,,,,,,,,,,
"USC00265818","OROVADA 3 W, NV US","41.5684","-117.8388","1280.2","2017-04-23",,,,,"0.00",",,7,2000","0.0",",,7,2000","0",",,7,2000","67",",,7","38",",,7","55",",,7,2000",,,,,,,,,,,,
"USC00265818","OROVADA 3 W, NV US","41.5684","-117.8388","1280.2","2017-04-24",,,,,"0.43",",,7,2000","0.0",",,7,2000","0",",,7,2000","57",",,7","41",",,7","44",",,7,2000",,,,,,,,,,,,
"USC00265818","OROVADA 3 W, NV US","41.5684","-117.8388","1280.2","2017-04-25",,,,,"0.00",",,7,2000","0.0",",,7,2000","0",",,7,2000","55",",,7","34",",,7","49",",,7,2000",,,,,,,,,,,,
"USC00265818","OROVADA 3 W, NV US","41.5684","-117.8388","1280.2","2017-04-26",,,,,"0.62",",,7,2000","0.0",",,7,2000","0",",,7,2000","55",",,7","43",",,7","46",",,7,2000",,,"    1",",,7",,,,,,,,
"USC00265818","OROVADA 3 W, NV US","41.5684","-117.8388","1280.2","2017-04-27",,,,,"0.00",",,7,2000","0.0",",,7,2000","0",",,7,2000","51",",,7","29",",,7","40",",,7,2000",,,,,,,,,,,,
"USC00265818","OROVADA 3 W, NV US","41.5684","-117.8388","1280.2","2017-04-28",,,,,"0.05",",,7,2000","2.0",",,7,2000","0",",,7,2000","53",",,7","31",",,7","40",",,7,2000",,,,,,,"    1",",,7",,,,
"USC00265818","OROVADA 3 W, NV US","41.5684","-117.8388","1280.2","2017-04-29",,,,,"0.00",",,7,2000","0.0",",,7,2000","0",",,7,2000","62",",,7","25",",,7","44",",,7,2000",,,,,,,,,,,,
"USC00265818","OROVADA 3 W, NV US","41.5684","-117.8388","1280.2","2017-04-30",,,,,"0.00",",,7,2000","0.0",",,7,2000","0",",,7,2000","67",",,7","34",",,7","48",",,7,2000",,,,,,,,,,,,
"USC00265818","OROVADA 3 W, NV US","41.5684","-117.8388","1280.2","2017-05-01",,,,,"0.00",",,7,2000","0.0",",,7,2000","0",",,7,2000","70",",,7","30",",,7","60",",,7,2000",,,,,,,,,,,,
"USC00265818","OROVADA 3 W, NV US","41.5684","-117.8388","1280.2","2017-05-02",,,,,"0.00",",,7,2000","0.0",",,7,2000","0",",,7,2000","72",",,7","40",",,7","55",",,7,2000",,,,,,,,,,,,
"USC00265818","OROVADA 3 W, NV US","41.5684","-117.8388","1280.2","2017-05-03",,,,,"0.00",",,7,2000","0.0",",,7,2000","0",",,7,2000","77",",,7","37",",,7","64",",,7,2000",,,,,,,,,,,,
"USC00265818","OROVADA 3 W, NV US","41.5684","-117.8388","1280.2","2017-05-04",,,,,"0.00",",,7,2000","0.0",",,7,2000","0",",,7,2000","85",",,7","41",",,7","65",",,7,2000",,,,,,,,,,,,
"USC00265818","OROVADA 3 W, NV US","41.5684","-117.8388","1280.2","2017-05-05",,,,,"0.08",",,7,2000","0.0",",,7,2000","0",",,7,2000","80",",,7","55",",,7","62",",,7,2000",,,"    1",",,7",,,,,,,,
"USC00265818","OROVADA 3 W, NV US","41.5684","-117.8388","1280.2","2017-05-06",,,,,"0.07",",,7,2000","0.0",",,7,2000","0",",,7,2000","63",",,7","45",",,7","48",",,7,2000",,,"    1",",,7",,,,,,,,
"USC00265818","OROVADA 3 W, NV US","41.5684","-117.8388","1280.2","2017-05-07",,,,,"0.00",",,7,2000","0.0",",,7,2000","0",",,7,2000","65",",,7","37",",,7","56",",,7,2000",,,"    1",",,7",,,,,,,,
"USC00265818","OROVADA 3 W, NV US","41.5684","-117.8388","1280.2","2017-05-08",,,,,"0.00",",,7,2000","0.0",",,7,2000","0",",,7,2000","68",",,7","33",",,7","44",",,7,2000",,,,,,,,,,,,
"USC00265818","OROVADA 3 W, NV US","41.5684","-117.8388","1280.2","2017-05-09",,,,,"0.00",",,7,2000","0.0",",,7,2000","0",",,7,2000","76",",,7","29",",,7","70",",,7,2000",,,,,,,,,,,,
"USC00265818","OROVADA 3 W, NV US","41.5684","-117.8388","1280.2","2017-05-10",,,,,"0.00",",,7,2000","0.0",",,7,2000","0",",,7,2000","83",",,7","35",",,7","70",",,7,2000",,,,,,,,,,,,
"USC00265818","OROVADA 3 W, NV US","41.5684","-117.8388","1280.2","2017-05-11",,,,,"0.00",",,7,2000","0.0",",,7,2000","0",",,7,2000","85",",,7","42",",,7","61",",,7,2000",,,,,,,,,,,,
"USC00265818","OROVADA 3 W, NV US","41.5684","-117.8388","1280.2","2017-05-12",,,,,"0.12",",,7,2000","0.0",",,7,2000","0",",,7,2000","64",",,7","43",",,7","57",",,7,2000",,,,,,,,,,,,
"USC00265818","OROVADA 3 W, NV US","41.5684","-117.8388","1280.2","2017-05-13",,,,,"0.00",",,7,2000","0.0",",,7,2000","0",",,7,2000","58",",,7","30",",,7","46",",,7,2000",,,,,,,,,,,,
"USC00265818","OROVADA 3 W, NV US","41.5684","-117.8388","1280.2","2017-05-14",,,,,"0.00",",,7,2000","0.0",",,7,2000","0",",,7,2000","63",",,7","30",",,7","53",",,7,2000",,,,,,,,,,,,
"USC00265818","OROVADA 3 W, NV US","41.5684","-117.8388","1280.2","2017-05-15",,,,,"0.00",",,7,2000","0.0",",,7,2000","0",",,7,2000","68",",,7","33",",,7","50",",,7,2000",,,,,,,,,,,,
"USC00265818","OROVADA 3 W, NV US","41.5684","-117.8388","1280.2","2017-05-16",,,,,"0.41",",,7,2000","0.0",",,7,2000","0",",,7,2000","52",",,7","31",",,7","41",",,7,2000",,,,,,,,,,,,
"USC00265818","OROVADA 3 W, NV US","41.5684","-117.8388","1280.2","2017-05-17",,,,,"0.00",",,7,2000","0.0",",,7,2000","0",",,7,2000","47",",,7","35",",,7","45",",,7,2000",,,,,,,,,,,,
"USC00265818","OROVADA 3 W, NV US","41.5684","-117.8388","1280.2","2017-05-18",,,,,"0.00",",,7,2000","0.0",",,7,2000","0",",,7,2000","63",",,7","41",",,7","57",",,7,2000",,,,,,,,,,,,
"USC00265818","OROVADA 3 W, NV US","41.5684","-117.8388","1280.2","2017-05-19",,,,,"0.00",",,7,2000","0.0",",,7,2000","0",",,7,2000","73",",,7","31",",,7","55",",,7,2000",,,,,,,,,,,,
"USC00265818","OROVADA 3 W, NV US","41.5684","-117.8388","1280.2","2017-05-20",,,,,"0.00",",,7,2000","0.0",",,7,2000","0",",,7,2000","78",",,7","35",",,7","60",",,7,2000",,,,,,,,,,,,
"USC00265818","OROVADA 3 W, NV US","41.5684","-117.8388","1280.2","2017-05-21",,,,,"0.00",",,7,2000","0.0",",,7,2000","0",",,7,2000","79",",,7","45",",,7","61",",,7,2000",,,,,,,,,,,,
"USC00265818","OROVADA 3 W, NV US","41.5684","-117.8388","1280.2","2017-05-22",,,,,"0.00",",,7,2000","0.0",",,7,2000","0",",,7,2000","86",",,7","40",",,7","77",",,7,2000",,,,,,,,,,,,
"USC00265818","OROVADA 3 W, NV US","41.5684","-117.8388","1280.2","2017-05-23",,,,,"0.00",",,7,2000","0.0",",,7,2000","0",",,7,2000","91",",,7","40",",,7","80",",,7,2000",,,,,,,,,,,,
"USC00265818","OROVADA 3 W, NV US","41.5684","-117.8388","1280.2","2017-05-24",,,,,"0.00",",,7,2000","0.0",",,7,2000","0",",,7,2000","85",",,7","45",",,7","68",",,7,2000",,,,,,,,,,,,
"USC00265818","OROVADA 3 W, NV US","41.5684","-117.8388","1280.2","2017-05-25",,,,,"0.00",",,7,2000","0.0",",,7,2000","0",",,7,2000","74",",,7","34",",,7","62",",,7,2000",,,,,,,,,,,,
"USC00265818","OROVADA 3 W, NV US","41.5684","-117.8388","1280.2","2017-05-26",,,,,"0.00",",,7,2000","0.0",",,7,2000","0",",,7,2000","74",",,7","32",",,7","65",",,7,2000",,,,,,,,,,,,
"USC00265818","OROVADA 3 W, NV US","41.5684","-117.8388","1280.2","2017-05-27",,,,,"0.00",",,7,2000","0.0",",,7,2000","0",",,7,2000","83",",,7","35",",,7","58",",,7,2000",,,,,,,,,,,,
"USC00265818","OROVADA 3 W, NV US","41.5684","-117.8388","1280.2","2017-05-28",,,,,"0.00",",,7,2000","0.0",",,7,2000","0",",,7,2000","89",",,7","39",",,7","65",",,7,2000",,,,,,,,,,,,
"USC00265818","OROVADA 3 W, NV US","41.5684","-117.8388","1280.2","2017-05-29",,,,,"0.00",",,7,2000","0.0",",,7,2000","0",",,7,2000","89",",,7","39",",,7","81",",,7,2000",,,,,,,,,,,,
"USC00265818","OROVADA 3 W, NV US","41.5684","-117.8388","1280.2","2017-05-30",,,,,"0.00",",,7,2000","0.0",",,7,2000","0",",,7,2000","92",",,7","43",",,7","68",",,7,2000",,,,,,,,,,,,
"USC00265818","OROVADA 3 W, NV US","41.5684","-117.8388","1280.2","2017-05-31",,,,,"0.00",",,7,2000","0.0",",,7,2000","0",",,7,2000","85",",,7","45",",,7","62",",,7,2000",,,,,,,,,,,,
"USC00265818","OROVADA 3 W, NV US","41.5684","-117.8388","1280.2","2017-06-01",,,,,"0.00",",,7,2000","0.0",",,7,2000","0",",,7,2000","84",",,7","46",",,7","69",",,7,2000",,,,,,,,,,,,
"USC00265818","OROVADA 3 W, NV US","41.5684","-117.8388","1280.2","2017-06-02",,,,,"0.00",",,7,2000","0.0",",,7,2000","0",",,7,2000","87",",,7","40",",,7","83",",,7,2000",,,,,,,,,,,,
"USC00265818","OROVADA 3 W, NV US","41.5684","-117.8388","1280.2","2017-06-03",,,,,"0.00",",,7,2000","0.0",",,7,2000","0",",,7,2000","87",",,7","40",",,7","74",",,7,2000",,,,,,,,,,,,
"USC00265818","OROVADA 3 W, NV US","41.5684","-117.8388","1280.2","2017-06-04",,,,,"0.00",",,7,2000","0.0",",,7,2000","0",",,7,2000","85",",,7","42",",,7","68",",,7,2000",,,,,,,,,,,,
"USC00265818","OROVADA 3 W, NV US","41.5684","-117.8388","1280.2","2017-06-05",,,,,"0.00",",,7,2000","0.0",",,7,2000","0",",,7,2000","85",",,7","45",",,7","66",",,7,2000",,,,,,,,,,,,
"USC00265818","OROVADA 3 W, NV US","41.5684","-117.8388","1280.2","2017-06-06",,,,,"0.00",",,7,2000","0.0",",,7,2000","0",",,7,2000","93",",,7","43",",,7","72",",,7,2000",,,,,,,,,,,,
"USC00265818","OROVADA 3 W, NV US","41.5684","-117.8388","1280.2","2017-06-07",,,,,"0.00",",,7,2000","0.0",",,7,2000","0",",,7,2000","93",",,7","47",",,7","78",",,7,2000",,,,,,,,,,,,
"USC00265818","OROVADA 3 W, NV US","41.5684","-117.8388","1280.2","2017-06-08",,,,,"0.00",",,7,2000","0.0",",,7,2000","0",",,7,2000","82",",,7","45",",,7","56",",,7,2000",,,,,,,,,,,,
"USC00265818","OROVADA 3 W, NV US","41.5684","-117.8388","1280.2","2017-06-09",,,,,"0.00","T,,7,2000","0.0",",,7,2000","0",",,7,2000","71",",,7","41",",,7","60",",,7,2000",,,,,,,,,,,,
"USC00265818","OROVADA 3 W, NV US","41.5684","-117.8388","1280.2","2017-06-10",,,,,"0.00",",,7,2000","0.0",",,7,2000","0",",,7,2000","71",",,7","39",",,7","59",",,7,2000",,,,,,,,,,,,
"USC00265818","OROVADA 3 W, NV US","41.5684","-117.8388","1280.2","2017-06-11",,,,,"0.00",",,7,2000","0.0",",,7,2000","0",",,7,2000","65",",,7","41",",,7","51",",,7,2000",,,,,,,,,,,,
"USC00265818","OROVADA 3 W, NV US","41.5684","-117.8388","1280.2","2017-06-12",,,,,"1.76",",,7,2000","0.0",",,7,2000","0",",,7,2000","51",",,7","40",",,7","47",",,7,2000",,,,,,,,,,,,
"USC00265818","OROVADA 3 W, NV US","41.5684","-117.8388","1280.2","2017-06-13",,,,,"0.00",",,7,2000","0.0",",,7,2000","0",",,7,2000","71",",,7","39",",,7","57",",,7,2000",,,,,,,,,,,,
"USC00265818","OROVADA 3 W, NV US","41.5684","-117.8388","1280.2","2017-06-14",,,,,"0.00",",,7,2000","0.0",",,7,2000","0",",,7,2000","79",",,7","38",",,7","60",",,7,2000",,,,,,,,,,,,
"USC00265818","OROVADA 3 W, NV US","41.5684","-117.8388","1280.2","2017-06-15",,,,,"0.00",",,7,2000","0.0",",,7,2000","0",",,7,2000","84",",,7","44",",,7","73",",,7,2000",,,,,,,,,,,,
"USC00265818","OROVADA 3 W, NV US","41.5684","-117.8388","1280.2","2017-06-16",,,,,"0.00",",,7,2000","0.0",",,7,2000","0",",,7,2000","90",",,7","51",",,7","80",",,7,2000",,,,,,,,,,,,
"USC00265818","OROVADA 3 W, NV US","41.5684","-117.8388","1280.2","2017-06-17",,,,,"0.00",",,7,2000","0.0",",,7,2000","0",",,7,2000","85",",,7","53",",,7","64",",,7,2000",,,,,,,,,,,,
"USC00265818","OROVADA 3 W, NV US","41.5684","-117.8388","1280.2","2017-06-18",,,,,"0.00",",,7,2000","0.0",",,7,2000","0",",,7,2000","91",",,7","50",",,7","72",",,7,2000",,,,,,,,,,,,
"USC00265818","OROVADA 3 W, NV US","41.5684","-117.8388","1280.2","2017-06-19",,,,,"0.00",",,7,2000","0.0",",,7,2000","0",",,7,2000","99",",,7","54",",,7","74",",,7,2000",,,,,,,,,,,,
"USC00265818","OROVADA 3 W, NV US","41.5684","-117.8388","1280.2","2017-06-20",,,,,"0.00",",,7,2000","0.0",",,7,2000","0",",,7,2000","101",",,7","58",",,7","87",",,7,2000",,,,,,,,,,,,
"USC00265818","OROVADA 3 W, NV US","41.5684","-117.8388","1280.2","2017-06-21",,,,,"0.00",",,7,2000","0.0",",,7,2000","0",",,7,2000","93",",,7","62",",,7","68",",,7,2000",,,,,,,,,,,,
"USC00265818","OROVADA 3 W, NV US","41.5684","-117.8388","1280.2","2017-06-22",,,,,"0.00",",,7,2000","0.0",",,7,2000","0",",,7,2000","86",",,7","50",",,7","67",",,7,2000",,,,,,,,,,,,
"USC00265818","OROVADA 3 W, NV US","41.5684","-117.8388","1280.2","2017-06-23",,,,,"0.00",",,7,2000","0.0",",,7,2000","0",",,7,2000","90",",,7","45",",,7","81",",,7,2000",,,,,,,,,,,,
"USC00265818","OROVADA 3 W, NV US","41.5684","-117.8388","1280.2","2017-06-24",,,,,"0.00",",,7,2000","0.0",",,7,2000","0",",,7,2000","94",",,7","44",",,7","74",",,7,2000",,,,,,,,,,,,
"USC00265818","OROVADA 3 W, NV US","41.5684","-117.8388","1280.2","2017-06-25",,,,,"0.00",",,7,2000","0.0",",,7,2000","0",",,7,2000","99",",,7","46",",,7","69",",,7,2000",,,,,,,,,,,,
"USC00265818","OROVADA 3 W, NV US","41.5684","-117.8388","1280.2","2017-06-26",,,,,"0.00",",,7,2000","0.0",",,7,2000","0",",,7,2000","97",",,7","50",",,7","74",",,7,2000",,,,,,,,,,,,
"USC00265818","OROVADA 3 W, NV US","41.5684","-117.8388","1280.2","2017-06-27",,,,,"0.00",",,7,2000","0.0",",,7,2000","0",",,7,2000","90",",,7","50",",,7","65",",,7,2000",,,,,,,,,,,,
"USC00265818","OROVADA 3 W, NV US","41.5684","-117.8388","1280.2","2017-06-28",,,,,"0.00",",,7,2000","0.0",",,7,2000","0",",,7,2000","88",",,7","48",",,7","78",",,7,2000",,,,,,,,,,,,
"USC00265818","OROVADA 3 W, NV US","41.5684","-117.8388","1280.2","2017-06-29",,,,,"0.00",",,7,2000","0.0",",,7,2000","0",",,7,2000","88",",,7","39",",,7","62",",,7,2000",,,,,,,,,,,,
"USC00265818","OROVADA 3 W, NV US","41.5684","-117.8388","1280.2","2017-06-30",,,,,"0.00",",,7,2000","0.0",",,7,2000","0",",,7,2000","96",",,7","45",",,7","65",",,7,2000",,,,,,,,,,,,
"USC00265818","OROVADA 3 W, NV US","41.5684","-117.8388","1280.2","2017-07-01",,,,,"0.00",",,7,2000","0.0",",,7,2000","0",",,7,2000","99",",,7","45",",,7","65",",,7,2000",,,,,,,,,,,,
"USC00265818","OROVADA 3 W, NV US","41.5684","-117.8388","1280.2","2017-07-02",,,,,"0.00",",,7,2000","0.0",",,7,2000","0",",,7,2000","103",",,7","50",",,7","86",",,7,2000",,,,,,,,,,,,
"USC00265818","OROVADA 3 W, NV US","41.5684","-117.8388","1280.2","2017-07-03",,,,,"0.00",",,7,2000","0.0",",,7,2000","0",",,7,2000","100",",,7","53",",,7","82",",,7,2000",,,,,,,,,,,,
"USC00265818","OROVADA 3 W, NV US","41.5684","-117.8388","1280.2","2017-07-04",,,,,"0.00",",,7,2000","0.0",",,7,2000","0",",,7,2000","100",",,7","53",",,7","90",",,7,2000",,,,,,,,,,,,
"USC00265818","OROVADA 3 W, NV US","41.5684","-117.8388","1280.2","2017-07-05",,,,,"0.00",",,7,2000","0.0",",,7,2000","0",",,7,2000","100",",,7","53",",,7","74",",,7,2000",,,,,,,,,,,,
"USC00265818","OROVADA 3 W, NV US","41.5684","-117.8388","1280.2","2017-07-06",,,,,"0.00",",,7,2000","0.0",",,7,2000","0",",,7,2000","101",",,7","53",",,7","72",",,7,2000",,,,,,,,,,,,
"USC00265818","OROVADA 3 W, NV US","41.5684","-117.8388","1280.2","2017-07-07",,,,,"0.00",",,7,2000","0.0",",,7,2000","0",",,7,2000","102",",,7","56",",,7","80",",,7,2000",,,,,,,,,,,,
"USC00265818","OROVADA 3 W, NV US","41.5684","-117.8388","1280.2","2017-07-08",,,,,"0.00","T,,7,2000","0.0",",,7,2000","0",",,7,2000","104",",,7","54",",,7","85",",,7,2000",,,"    1",",,7",,,,,,,"    1",",,7"
"USC00265818","OROVADA 3 W, NV US","41.5684","-117.8388","1280.2","2017-07-09",,,,,"0.00",",,7,2000","0.0",",,7,2000","0",",,7,2000","104",",,7","54",",,7","79",",,7,2000",,,,,,,,,,,,
"USC00265818","OROVADA 3 W, NV US","41.5684","-117.8388","1280.2","2017-07-10",,,,,"0.00",",,7,2000","0.0",",,7,2000","0",",,7,2000","96",",,7","55",",,7","72",",,7,2000",,,,,,,,,,,,
"USC00265818","OROVADA 3 W, NV US","41.5684","-117.8388","1280.2","2017-07-11",,,,,"0.00",",,7,2000","0.0",",,7,2000","0",",,7,2000","95",",,7","50",",,7","70",",,7,2000",,,,,,,,,,,,
"USC00265818","OROVADA 3 W, NV US","41.5684","-117.8388","1280.2","2017-07-12",,,,,"0.00",",,7,2000","0.0",",,7,2000","0",",,7,2000","98",",,7","50",",,7","73",",,7,2000",,,,,,,,,,,,
"USC00265818","OROVADA 3 W, NV US","41.5684","-117.8388","1280.2","2017-07-13",,,,,"0.00",",,7,2000","0.0",",,7,2000","0",",,7,2000","99",",,7","51",",,7","79",",,7,2000",,,,,,,,,,,,
"USC00265818","OROVADA 3 W, NV US","41.5684","-117.8388","1280.2","2017-07-14",,,,,"0.00",",,7,2000","0.0",",,7,2000","0",",,7,2000","103",",,7","52",",,7","74",",,7,2000",,,,,,,,,,,,
"USC00265818","OROVADA 3 W, NV US","41.5684","-117.8388","1280.2","2017-07-15",,,,,"0.00",",,7,2000","0.0",",,7,2000","0",",,7,2000","100",",,7","56",",,7","81",",,7,2000",,,,,,,,,,,,
"USC00265818","OROVADA 3 W, NV US","41.5684","-117.8388","1280.2","2017-07-16",,,,,"0.00",",,7,2000","0.0",",,7,2000","0",",,7,2000","98",",,7","64",",,7","76",",,7,2000",,,,,,,,,,,,
"USC00265818","OROVADA 3 W, NV US","41.5684","-117.8388","1280.2","2017-07-17",,,,,"0.00",",,7,2000","0.0",",,7,2000","0",",,7,2000","98",",,7","53",",,7","80",",,7,2000",,,,,,,,,,,,
"USC00265818","OROVADA 3 W, NV US","41.5684","-117.8388","1280.2","2017-07-18",,,,,"0.00",",,7,2000","0.0",",,7,2000","0",",,7,2000","94",",,7","53",",,7","85",",,7,2000",,,,,,,,,,,,
"USC00265818","OROVADA 3 W, NV US","41.5684","-117.8388","1280.2","2017-07-19",,,,,"0.00",",,7,2000","0.0",",,7,2000","0",",,7,2000","93",",,7","45",",,7","75",",,7,2000",,,,,,,,,,,,
"USC00265818","OROVADA 3 W, NV US","41.5684","-117.8388","1280.2","2017-07-20",,,,,"0.00",",,7,2000","0.0",",,7,2000","0",",,7,2000","94",",,7","44",",,7","73",",,7,2000",,,,,,,,,,,,
"USC00265818","OROVADA 3 W, NV US","41.5684","-117.8388","1280.2","2017-07-21",,,,,"0.00",",,7,2000","0.0",",,7,2000","0",",,7,2000","96",",,7","46",",,7","81",",,7,2000",,,,,,,,,,,,
"USC00265818","OROVADA 3 W, NV US","41.5684","-117.8388","1280.2","2017-07-22",,,,,"0.00",",,7,2000","0.0",",,7,2000","0",",,7,2000","101",",,7","46",",,7","88",",,7,2000",,,,,,,,,,,,
"USC00265818","OROVADA 3 W, NV US","41.5684","-117.8388","1280.2","2017-07-23",,,,,"0.00","T,,7,2000","0.0",",,7,2000","0",",,7,2000","105",",,7","54",",,7","87",",,7,2000",,,"    1",",,7",,,,,,,"    1",",,7"
"USC00265818","OROVADA 3 W, NV US","41.5684","-117.8388","1280.2","2017-07-24",,,,,"0.00",",,7,2000","0.0",",,7,2000","0",",,7,2000","99",",,7","57",",,7","72",",,7,2000",,,,,,,,,,,,
"USC00265818","OROVADA 3 W, NV US","41.5684","-117.8388","1280.2","2017-07-25",,,,,"0.00",",,7,2000","0.0",",,7,2000","0",",,7,2000","97",",,7","55",",,7","71",",,7,2000",,,,,,,,,,,,
"USC00265818","OROVADA 3 W, NV US","41.5684","-117.8388","1280.2","2017-07-26",,,,,"0.00",",,7,2000","0.0",",,7,2000","0",",,7,2000","95",",,7","54",",,7","72",",,7,2000",,,,,,,,,,,,
"USC00265818","OROVADA 3 W, NV US","41.5684","-117.8388","1280.2","2017-07-27",,,,,"0.00","T,,7,2000","0.0",",,7,2000","0",",,7,2000","95",",,7","50",",,7","70",",,7,2000",,,"    1",",,7",,,,,,,,
"USC00265818","OROVADA 3 W, NV US","41.5684","-117.8388","1280.2","2017-07-28",,,,,"0.00",",,7,2000","0.0",",,7,2000","0",",,7,2000","99",",,7","49",",,7","73",",,7,2000",,,,,,,,,,,,
"USC00265818","OROVADA 3 W, NV US","41.5684","-117.8388","1280.2","2017-07-29",,,,,"0.00",",,7,2000","0.0",",,7,2000","0",",,7,2000","103",",,7","51",",,7","83",",,7,2000",,,,,,,,,,,,
"USC00265818","OROVADA 3 W, NV US","41.5684","-117.8388","1280.2","2017-07-30",,,,,"0.00",",,7,2000","0.0",",,7,2000","0",",,7,2000","104",",,7","52",",,7","81",",,7,2000",,,,,,,,,,,,
"USC00265818","OROVADA 3 W, NV US","41.5684","-117.8388","1280.2","2017-07-31",,,,,"0.00",",,7,2000","0.0",",,7,2000","0",",,7,2000","105",",,7","59",",,7","76",",,7,2000",,,,,,,,,,,,
"USC00265818","OROVADA 3 W, NV US","41.5684","-117.8388","1280.2","2017-08-01",,,,,"0.00",",,7,2000","0.0",",,7,2000","0",",,7,2000","108",",,7","58",",,7","75",",,7,2000",,,,,,,,,,,,
"USC00265818","OROVADA 3 W, NV US","41.5684","-117.8388","1280.2","2017-08-02",,,,,"0.00",",,7,2000","0.0",",,7,2000","0",",,7,2000","105",",,7","60",",,7","84",",,7,2000",,,,,,,,,,,,
"USC00265818","OROVADA 3 W, NV US","41.5684","-117.8388","1280.2","2017-08-03",,,,,"0.00",",,7,2000","0.0",",,7,2000","0",",,7,2000","104",",,7","54",",,7","71",",,7,2000",,,,,,,,,,,,
"USC00265818","OROVADA 3 W, NV US","41.5684","-117.8388","1280.2","2017-08-04",,,,,"0.00",",,7,2000","0.0",",,7,2000","0",",,7,2000","102",",,7","51",",,7","81",",,7,2000",,,,,,,,,,,,
"USC00265818","OROVADA 3 W, NV US","41.5684","-117.8388","1280.2","2017-08-05",,,,,"0.00",",,7,2000","0.0",",,7,2000","0",",,7,2000","97",",,7","50",",,7","82",",,7,2000",,,,,,,,,,,,
"USC00265818","OROVADA 3 W, NV US","41.5684","-117.8388","1280.2","2017-08-06",,,,,"0.00",",,7,2000","0.0",",,7,2000","0",",,7,2000","91",",,7","65",",,7","78",",,7,2000",,,,,,,,,,,,
"USC00265818","OROVADA 3 W, NV US","41.5684","-117.8388","1280.2","2017-08-07",,,,,"0.00",",,7,2000","0.0",",,7,2000","0",",,7,2000","93",",,7","55",",,7","76",",,7,2000",,,,,,,,,,,,
"USC00265818","OROVADA 3 W, NV US","41.5684","-117.8388","1280.2","2017-08-08",,,,,"0.00",",,7,2000","0.0",",,7,2000","0",",,7,2000","94",",,7","55",",,7","77",",,7,2000",,,,,,,,,,,,
"USC00265818","OROVADA 3 W, NV US","41.5684","-117.8388","1280.2","2017-08-09",,,,,"0.00",",,7,2000","0.0",",,7,2000","0",",,7,2000","94",",,7","55",",,7","75",",,7,2000",,,,,,,,,,,,
"USC00265818","OROVADA 3 W, NV US","41.5684","-117.8388","1280.2","2017-08-10",,,,,"0.00",",,7,2000","0.0",",,7,2000","0",",,7,2000","97",",,7","59",",,7","76",",,7,2000",,,,,,,,,,,,
"USC00265818","OROVADA 3 W, NV US","41.5684","-117.8388","1280.2","2017-08-11",,,,,"0.00",",,7,2000","0.0",",,7,2000","0",",,7,2000","94",",,7","54",",,7","76",",,7,2000",,,,,,,,,,,,
"USC00265818","OROVADA 3 W, NV US","41.5684","-117.8388","1280.2","2017-08-12",,,,,"0.00",",,7,2000","0.0",",,7,2000","0",",,7,2000","92",",,7","48",",,7","70",",,7,2000",,,,,,,,,,,,
"USC00265818","OROVADA 3 W, NV US","41.5684","-117.8388","1280.2","2017-08-13",,,,,"0.00",",,7,2000","0.0",",,7,2000","0",",,7,2000","92",",,7","52",",,7","80",",,7,2000",,,,,,,,,,,,
"USC00265818","OROVADA 3 W, NV US","41.5684","-117.8388","1280.2","2017-08-14",,,,,"0.11",",,7,2000","0.0",",,7,2000","0",",,7,2000","80",",,7","59",",,7","65",",,7,2000",,,,,,,,,,,,
"USC00265818","OROVADA 3 W, NV US","41.5684","-117.8388","1280.2","2017-08-15",,,,,"0.00",",,7,2000","0.0",",,7,2000","0",",,7,2000","89",",,7","46",",,7","68",",,7,2000",,,,,,,,,,,,
"USC00265818","OROVADA 3 W, NV US","41.5684","-117.8388","1280.2","2017-08-16",,,,,"0.00",",,7,2000","0.0",",,7,2000","0",",,7,2000","92",",,7","58",",,7","68",",,7,2000",,,,,,,,,,,,
"USC00265818","OROVADA 3 W, NV US","41.5684","-117.8388","1280.2","2017-08-17",,,,,"0.00",",,7,2000","0.0",",,7,2000","0",",,7,2000","91",",,7","46",",,7","73",",,7,2000",,,,,,,,,,,,
"USC00265818","OROVADA 3 W, NV US","41.5684","-117.8388","1280.2","2017-08-18",,,,,"0.00",",,7,2000","0.0",",,7,2000","0",",,7,2000","94",",,7","46",",,7","70",",,7,2000",,,,,,,,,,,,
"USC00265818","OROVADA 3 W, NV US","41.5684","-117.8388","1280.2","2017-08-19",,,,,"0.00",",,7,2000","0.0",",,7,2000","0",",,7,2000","96",",,7","44",",,7","70",",,7,2000",,,,,,,,,,,,
"USC00265818","OROVADA 3 W, NV US","41.5684","-117.8388","1280.2","2017-08-20",,,,,"0.00",",,7,2000","0.0",",,7,2000","0",",,7,2000","94",",,7","55",",,7","76",",,7,2000",,,,,,,,,,,,
"USC00265818","OROVADA 3 W, NV US","41.5684","-117.8388","1280.2","2017-08-21",,,,,"0.00",",,7,2000","0.0",",,7,2000","0",",,7,2000","94",",,7","49",",,7","80",",,7,2000",,,,,,,,,,,,
"USC00265818","OROVADA 3 W, NV US","41.5684","-117.8388","1280.2","2017-08-22",,,,,"0.00",",,7,2000","0.0",",,7,2000","0",",,7,2000","90",",,7","50",",,7","72",",,7,2000",,,,,,,,,,,,
"USC00265818","OROVADA 3 W, NV US","41.5684","-117.8388","1280.2","2017-08-23",,,,,"0.00",",,7,2000","0.0",",,7,2000","0",",,7,2000","90",",,7","60",",,7","65",",,7,2000",,,,,,,,,,,,
"USC00265818","OROVADA 3 W, NV US","41.5684","-117.8388","1280.2","2017-08-24",,,,,"0.00",",,7,2000","0.0",",,7,2000","0",",,7,2000","93",",,7","47",",,7","65",",,7,2000",,,,,,,,,,,,
"USC00265818","OROVADA 3 W, NV US","41.5684","-117.8388","1280.2","2017-08-25",,,,,"0.00",",,7,2000","0.0",",,7,2000","0",",,7,2000","94",",,7","47",",,7","75",",,7,2000",,,,,,,,,,,,
"USC00265818","OROVADA 3 W, NV US","41.5684","-117.8388","1280.2","2017-08-26",,,,,"0.00",",,7,2000","0.0",",,7,2000","0",",,7,2000","99",",,7","49",",,7","89",",,7,2000",,,,,,,,,,,,
"USC00265818","OROVADA 3 W, NV US","41.5684","-117.8388","1280.2","2017-08-27",,,,,"0.00",",,7,2000","0.0",",,7,2000","0",",,7,2000","104",",,7","51",",,7","80",",,7,2000",,,,,,,,,,,,
"USC00265818","OROVADA 3 W, NV US","41.5684","-117.8388","1280.2","2017-08-28",,,,,"0.00",",,7,2000","0.0",",,7,2000","0",",,7,2000","99",",,7","60",",,7","73",",,7,2000",,,,,,,,,,,,
"USC00265818","OROVADA 3 W, NV US","41.5684","-117.8388","1280.2","2017-08-29",,,,,"0.00",",,7,2000","0.0",",,7,2000","0",",,7,2000","98",",,7","52",",,7","82",",,7,2000",,,,,,,,,,,,
"USC00265818","OROVADA 3 W, NV US","41.5684","-117.8388","1280.2","2017-08-30",,,,,"0.03",",,7,2000","0.0",",,7,2000","0",",,7,2000","95",",,7","54",",,7","65",",,7,2000",,,"    1",",,7",,,,,,,,
"USC00265818","OROVADA 3 W, NV US","41.5684","-117.8388","1280.2","2017-08-31",,,,,"0.00",",,7,2000","0.0",",,7,2000","0",",,7,2000","92",",,7","44",",,7","73",",,7,2000",,,,,,,,,,,,
"USC00265818","OROVADA 3 W, NV US","41.5684","-117.8388","1280.2","2017-09-01",,,,,"0.00",",,7,2000","0.0",",,7,2000","0",",,7,2000","96",",,7","43",",,7","62",",,7,2000",,,,,,,,,,,,
"USC00265818","OROVADA 3 W, NV US","41.5684","-117.8388","1280.2","2017-09-02",,,,,"0.00",",,7,2000","0.0",",,7,2000","0",",,7,2000","101",",,7","48",",,7","63",",,7,2000",,,,,,,,,,,,
"USC00265818","OROVADA 3 W, NV US","41.5684","-117.8388","1280.2","2017-09-03",,,,,"0.00",",,7,2000","0.0",",,7,2000","0",",,7,2000","103",",,7","52",",,7","73",",,7,2000",,,,,,,,,,,,
"USC00265818","OROVADA 3 W, NV US","41.5684","-117.8388","1280.2","2017-09-04",,,,,"0.00",",,7,2000","0.0",",,7,2000","0",",,7,2000","102",",,7","52",",,7","67",",,7,2000",,,,,,,,,,,,
"USC00265818","OROVADA 3 W, NV US","41.5684","-117.8388","1280.2","2017-09-05",,,,,"0.00",",,7,2000","0.0",",,7,2000","0",",,7,2000","105",",,7","53",",,7","83",",,7,2000",,,,,,,,,,,,
"USC00265818","OROVADA 3 W, NV US","41.5684","-117.8388","1280.2","2017-09-06",,,,,"0.00",",,7,2000","0.0",",,7,2000","0",",,7,2000","97",",,7","46",",,7","71",",,7,2000",,,,,,,,,,,,
"USC00265818","OROVADA 3 W, NV US","41.5684","-117.8388","1280.2","2017-09-07",,,,,"0.00",",,7,2000","0.0",",,7,2000","0",",,7,2000","93",",,7","54",",,7","68",",,7,2000",,,,,,,,,,,,
"USC00265818","OROVADA 3 W, NV US","41.5684","-117.8388","1280.2","2017-09-08",,,,,"0.00",",,7,2000","0.0",",,7,2000","0",",,7,2000","90",",,7","53",",,7","69",",,7,2000",,,,,,,,,,,,
"USC00265818","OROVADA 3 W, NV US","41.5684","-117.8388","1280.2","2017-09-09",,,,,"0.00",",,7,2000","0.0",",,7,2000","0",",,7,2000","86",",,7","57",",,7","71",",,7,2000",,,,,,,,,,,,
"USC00265818","OROVADA 3 W, NV US","41.5684","-117.8388","1280.2","2017-09-10",,,,,"0.00",",,7,2000","0.0",",,7,2000","0",",,7,2000","90",",,7","48",",,7","76",",,7,2000",,,,,,,,,,,,
"USC00265818","OROVADA 3 W, NV US","41.5684","-117.8388","1280.2","2017-09-11",,,,,"0.00",",,7,2000","0.0",",,7,2000","0",",,7,2000","95",",,7","53",",,7","70",",,7,2000",,,,,,,,,,,,
"USC00265818","OROVADA 3 W, NV US","41.5684","-117.8388","1280.2","2017-09-12",,,,,"0.00",",,7,2000","0.0",",,7,2000","0",",,7,2000","90",",,7","58",",,7","73",",,7,2000",,,,,,,,,,,,
"USC00265818","OROVADA 3 W, NV US","41.5684","-117.8388","1280.2","2017-09-13",,,,,"0.00",",,7,2000","0.0",",,7,2000","0",",,7,2000","88",",,7","56",",,7","70",",,7,2000",,,,,,,,,,,,
"USC00265818","OROVADA 3 W, NV US","41.5684","-117.8388","1280.2","2017-09-14",,,,,"0.13",",,7,2000","0.0",",,7,2000","0",",,7,2000","82",",,7","53",",,7","56",",,7,2000",,,"    1",",,7",,,,,,,,
"USC00265818","OROVADA 3 W, NV US","41.5684","-117.8388","1280.2","2017-09-15",,,,,"0.00",",,7,2000","0.0",",,7,2000","0",",,7,2000","69",",,7","35",",,7","53",",,7,2000",,,,,,,,,,,,
"USC00265818","OROVADA 3 W, NV US","41.5684","-117.8388","1280.2","2017-09-16",,,,,"0.00",",,7,2000","0.0",",,7,2000","0",",,7,2000","69",",,7","28",",,7","55",",,7,2000",,,,,,,,,,,,
"USC00265818","OROVADA 3 W, NV US","41.5684","-117.8388","1280.2","2017-09-17",,,,,"0.00",",,7,2000","0.0",",,7,2000","0",",,7,2000","77",",,7","27",",,7","50",",,7,2000",,,,,,,,,,,,
"USC00265818","OROVADA 3 W, NV US","41.5684","-117.8388","1280.2","2017-09-18",,,,,"0.00",",,7,2000","0.0",",,7,2000","0",",,7,2000","70",",,7","44",",,7","65",",,7,2000",,,,,,,,,,,,
"USC00265818","OROVADA 3 W, NV US","41.5684","-117.8388","1280.2","2017-09-19",,,,,"0.00",",,7,2000","0.0",",,7,2000","0",",,7,2000","65",",,7","39",",,7","55",",,7,2000",,,,,,,,,,,,
"USC00265818","OROVADA 3 W, NV US","41.5684","-117.8388","1280.2","2017-09-20",,,,,"0.00",",,7,2000","0.0",",,7,2000","0",",,7,2000","61",",,7","37",",,7","46",",,7,2000",,,,,,,,,,,,
"USC00265818","OROVADA 3 W, NV US","41.5684","-117.8388","1280.2","2017-09-21",,,,,"0.15",",,7,2000","0.0",",,7,2000","0",",,7,2000","59",",,7","36",",,7","43",",,7,2000",,,,,,,,,,,,
"USC00265818","OROVADA 3 W, NV US","41.5684","-117.8388","1280.2","2017-09-22",,,,,"0.00",",,7,2000","0.0",",,7,2000","0",",,7,2000","58",",,7","26",",,7","42",",,7,2000",,,,,,,,,,,,
"USC00265818","OROVADA 3 W, NV US","41.5684","-117.8388","1280.2","2017-09-23",,,,,"0.00",",,7,2000","0.0",",,7,2000","0",",,7,2000","60",",,7","20",",,7","35",",,7,2000",,,,,,,,,,,,
"USC00265818","OROVADA 3 W, NV US","41.5684","-117.8388","1280.2","2017-09-24",,,,,"0.00",",,7,2000","0.0",",,7,2000","0",",,7,2000","65",",,7","23",",,7","45",",,7,2000",,,,,,,,,,,,
"USC00265818","OROVADA 3 W, NV US","41.5684","-117.8388","1280.2","2017-09-25",,,,,"0.00",",,7,2000","0.0",",,7,2000","0",",,7,2000","68",",,7","27",",,7","49",",,7,2000",,,,,,,,,,,,
"USC00265818","OROVADA 3 W, NV US","41.5684","-117.8388","1280.2","2017-09-26",,,,,"0.00",",,7,2000","0.0",",,7,2000","0",",,7,2000","74",",,7","34",",,7","55",",,7,2000",,,,,,,,,,,,
"USC00265818","OROVADA 3 W, NV US","41.5684","-117.8388","1280.2","2017-09-27",,,,,"0.00",",,7,2000","0.0",",,7,2000","0",",,7,2000","76",",,7","30",",,7","55",",,7,2000",,,,,,,,,,,,
"USC00265818","OROVADA 3 W, NV US","41.5684","-117.8388","1280.2","2017-09-28",,,,,"0.00",",,7,2000","0.0",",,7,2000","0",",,7,2000","79",",,7","30",",,7","49",",,7,2000",,,,,,,,,,,,
"USC00265818","OROVADA 3 W, NV US","41.5684","-117.8388","1280.2","2017-09-29",,,,,"0.00",",,7,2000","0.0",",,7,2000","0",",,7,2000","79",",,7","30",",,7","49",",,7,2000",,,,,,,,,,,,
"USC00265818","OROVADA 3 W, NV US","41.5684","-117.8388","1280.2","2017-09-30",,,,,"0.00",",,7,2000","0.0",",,7,2000","0",",,7,2000","69",",,7","46",",,7","53",",,7,2000",,,,,,,,,,,,
"USC00265818","OROVADA 3 W, NV US","41.5684","-117.8388","1280.2","2017-10-01",,,,,"0.00",",,7,2000","0.0",",,7,2000","0",",,7,2000","62",",,7","31",",,7","42",",,7,2000",,,,,,,,,,,,
"USC00265818","OROVADA 3 W, NV US","41.5684","-117.8388","1280.2","2017-10-02",,,,,"0.00",",,7,2000","0.0",",,7,2000","0",",,7,2000","55",",,7","22",",,7","37",",,7,2000",,,,,,,,,,,,
"USC00265818","OROVADA 3 W, NV US","41.5684","-117.8388","1280.2","2017-10-03",,,,,"0.00",",,7,2000","0.0",",,7,2000","0",",,7,2000","63",",,7","33",",,7","50",",,7,2000",,,,,,,,,,,,
"USC00265818","OROVADA 3 W, NV US","41.5684","-117.8388","1280.2","2017-10-04",,,,,"0.00",",,7,2000","0.0",",,7,2000","0",",,7,2000","65",",,7","36",",,7","41",",,7,2000",,,,,,,,,,,,
"USC00265818","OROVADA 3 W, NV US","41.5684","-117.8388","1280.2","2017-10-05",,,,,"0.00",",,7,2000","0.0",",,7,2000","0",",,7,2000","70",",,7","22",",,7","42",",,7,2000",,,,,,,,,,,,
"USC00265818","OROVADA 3 W, NV US","41.5684","-117.8388","1280.2","2017-10-06",,,,,"0.00",",,7,2000","0.0",",,7,2000","0",",,7,2000","73",",,7","24",",,7","55",",,7,2000",,,,,,,,,,,,
"USC00265818","OROVADA 3 W, NV US","41.5684","-117.8388","1280.2","2017-10-07",,,,,"0.00",",,7,2000","0.0",",,7,2000","0",",,7,2000","78",",,7","40",",,7","60",",,7,2000",,,,,,,,,,,,
"USC00265818","OROVADA 3 W, NV US","41.5684","-117.8388","1280.2","2017-10-08",,,,,"0.00",",,7,2000","0.0",",,7,2000","0",",,7,2000","62",",,7","28",",,7","39",",,7,2000",,,,,,,,,,,,
"USC00265818","OROVADA 3 W, NV US","41.5684","-117.8388","1280.2","2017-10-09",,,,,"0.00",",,7,2000","0.0",",,7,2000","0",",,7,2000","61",",,7","20",",,7","39",",,7,2000",,,,,,,,,,,,
"USC00265818","OROVADA 3 W, NV US","41.5684","-117.8388","1280.2","2017-10-10",,,,,"0.00",",,7,2000","0.0",",,7,2000","0",",,7,2000","68",",,7","23",",,7","50",",,7,2000",,,,,,,,,,,,
"USC00265818","OROVADA 3 W, NV US","41.5684","-117.8388","1280.2","2017-10-11",,,,,"0.00",",,7,2000","0.0",",,7,2000","0",",,7,2000","61",",,7","35",",,7","40",",,7,2000",,,,,,,,,,,,
"USC00265818","OROVADA 3 W, NV US","41.5684","-117.8388","1280.2","2017-10-12",,,,,"0.00",",,7,2000","0.0",",,7,2000","0",",,7,2000","56",",,7","20",",,7","36",",,7,2000",,,,,,,,,,,,
"USC00265818","OROVADA 3 W, NV US","41.5684","-117.8388","1280.2","2017-10-13",,,,,"0.00",",,7,2000","0.0",",,7,2000","0",",,7,2000","55",",,7","21",",,7","34",",,7,2000",,,,,,,,,,,,
"USC00265818","OROVADA 3 W, NV US","41.5684","-117.8388","1280.2","2017-10-14",,,,,"0.00",",,7,2000","0.0",",,7,2000","0",",,7,2000","53",",,7","17",",,7","30",",,7,2000",,,,,,,,,,,,
"USC00265818","OROVADA 3 W, NV US","41.5684","-117.8388","1280.2","2017-10-15",,,,,"0.00",",,7,2000","0.0",",,7,2000","0",",,7,2000","65",",,7","13",",,7","39",",,7,2000",,,,,,,,,,,,
"USC00265818","OROVADA 3 W, NV US","41.5684","-117.8388","1280.2","2017-10-16",,,,,"0.00",",,7,2000","0.0",",,7,2000","0",",,7,2000","74",",,7","19",",,7","45",",,7,2000",,,,,,,,,,,,
"USC00265818","OROVADA 3 W, NV US","41.5684","-117.8388","1280.2","2017-10-17",,,,,"0.00",",,7,2000","0.0",",,7,2000","0",",,7,2000","75",",,7","21",",,7","47",",,7,2000",,,,,,,,,,,,
"USC00265818","OROVADA 3 W, NV US","41.5684","-117.8388","1280.2","2017-10-18",,,,,"0.00",",,7,2000","0.0",",,7,2000","0",",,7,2000","77",",,7","21",",,7","50",",,7,2000",,,,,,,,,,,,
"USC00265818","OROVADA 3 W, NV US","41.5684","-117.8388","1280.2","2017-10-19",,,,,"0.00",",,7,2000","0.0",",,7,2000","0",",,7,2000","75",",,7","23",",,7","60",",,7,2000",,,,,,,,,,,,
"USC00265818","OROVADA 3 W, NV US","41.5684","-117.8388","1280.2","2017-10-20",,,,,"0.18",",,7,2000","0.0",",,7,2000","0",",,7,2000","61",",,7","36",",,7","43",",,7,2000",,,,,,,,,,,"    1",",,7"
"USC00265818","OROVADA 3 W, NV US","41.5684","-117.8388","1280.2","2017-10-21",,,,,"0.00",",,7,2000","0.0",",,7,2000","0",",,7,2000","50",",,7","25",",,7","47",",,7,2000",,,,,,,,,,,,
"USC00265818","OROVADA 3 W, NV US","41.5684","-117.8388","1280.2","2017-10-22",,,,,"0.00",",,7,2000","0.0",",,7,2000","0",",,7,2000","70",",,7","34",",,7","58",",,7,2000",,,,,,,,,,,,
"USC00265818","OROVADA 3 W, NV US","41.5684","-117.8388","1280.2","2017-10-23",,,,,"0.00",",,7,2000","0.0",",,7,2000","0",",,7,2000","68",",,7","33",",,7","55",",,7,2000",,,,,,,,,,,,
"USC00265818","OROVADA 3 W, NV US","41.5684","-117.8388","1280.2","2017-10-24",,,,,"0.00",",,7,2000","0.0",",,7,2000","0",",,7,2000","75",",,7","29",",,7","47",",,7,2000",,,,,,,,,,,,
"USC00265818","OROVADA 3 W, NV US","41.5684","-117.8388","1280.2","2017-10-25",,,,,"0.00",",,7,2000","0.0",",,7,2000","0",",,7,2000","75",",,7","24",",,7","64",",,7,2000",,,,,,,,,,,,
"USC00265818","OROVADA 3 W, NV US","41.5684","-117.8388","1280.2","2017-10-26",,,,,"0.00",",,7,2000","0.0",",,7,2000","0",",,7,2000","71",",,7","27",",,7","56",",,7,2000",,,,,,,,,,,,
"USC00265818","OROVADA 3 W, NV US","41.5684","-117.8388","1280.2","2017-10-27",,,,,"0.00",",,7,2000","0.0",",,7,2000","0",",,7,2000","71",",,7","30",",,7","50",",,7,2000",,,,,,,,,,,,
"USC00265818","OROVADA 3 W, NV US","41.5684","-117.8388","1280.2","2017-10-28",,,,,"0.00",",,7,2000","0.0",",,7,2000","0",",,7,2000","76",",,7","30",",,7","49",",,7,2000",,,,,,,,,,,,
"USC00265818","OROVADA 3 W, NV US","41.5684","-117.8388","1280.2","2017-10-29",,,,,"0.00",",,7,2000","0.0",",,7,2000","0",",,7,2000","77",",,7","27",",,7","57",",,7,2000",,,,,,,,,,,,
"USC00265818","OROVADA 3 W, NV US","41.5684","-117.8388","1280.2","2017-10-30",,,,,"0.00",",,7,2000","0.0",",,7,2000","0",",,7,2000","63",",,7","39",",,7","48",",,7,2000",,,,,,,,,,,,
"USC00265818","OROVADA 3 W, NV US","41.5684","-117.8388","1280.2","2017-10-31",,,,,"0.00",",,7,2000","0.0",",,7,2000","0",",,7,2000","61",",,7","24",",,7","44",",,7,2000",,,,,,,,,,,,
"USC00265818","OROVADA 3 W, NV US","41.5684","-117.8388","1280.2","2017-11-01",,,,,"0.00",",,H,2000","0.0",",,H,2000","0",",,H,2000","70",",,H","30",",,H","51",",,H,2000",,,,,,,,,,,,
"USC00265818","OROVADA 3 W, NV US","41.5684","-117.8388","1280.2","2017-11-02",,,,,"0.00",",,H,2000","0.0",",,H,2000","0",",,H,2000","64",",,H","31",",,H","49",",,H,2000",,,,,,,,,,,,
"USC00265818","OROVADA 3 W, NV US","41.5684","-117.8388","1280.2","2017-11-03",,,,,"0.00",",,H,2000","0.0",",,H,2000","0",",,H,2000","55",",,H","46",",,H",,,,,,,,,,,,,,
"USC00265818","OROVADA 3 W, NV US","41.5684","-117.8388","1280.2","2017-11-04",,,,,"0.24",",,H,2000","1.0",",,H,2000","0",",,H,2000","49",",,H","31",",,H","36",",,H,2000",,,,,,,,,,,,
"USC00265818","OROVADA 3 W, NV US","41.5684","-117.8388","1280.2","2017-11-05",,,,,"0.00",",,H,2000","0.0",",,H,2000","0",",,H,2000","51",",,H","33",",,H","44",",,H,2000",,,,,,,,,,,,
"USC00265818","OROVADA 3 W, NV US","41.5684","-117.8388","1280.2","2017-11-06",,,,,"0.00",",,H,2000","0.0",",,H,2000","0",",,H,2000","46",",,H","27",",,H","27",",,H,2000",,,,,,,,,,,,
"USC00265818","OROVADA 3 W, NV US","41.5684","-117.8388","1280.2","2017-11-07",,,,,"0.00",",,H,2000","0.0",",,H,2000","0",",,H,2000","50",",,H","14",",,H","30",",,H,2000",,,,,,,,,,,,
"USC00265818","OROVADA 3 W, NV US","41.5684","-117.8388","1280.2","2017-11-08",,,,,"0.00",",,H,2000","0.0",",,H,2000","0",",,H,2000","48",",,H","21",",,H","40",",,H,2000",,,,,,,,,,,,
"USC00265818","OROVADA 3 W, NV US","41.5684","-117.8388","1280.2","2017-11-09",,,,,"0.00",",,H,2000","0.0",",,H,2000","0",",,H,2000","61",",,H","25",",,H","47",",,H,2000",,,,,,,,,,,,
"USC00265818","OROVADA 3 W, NV US","41.5684","-117.8388","1280.2","2017-11-10",,,,,"0.00",",,H,2000","0.0",",,H,2000","0",",,H,2000","60",",,H","32",",,H","48",",,H,2000",,,,,,,,,,,,
"USC00265818","OROVADA 3 W, NV US","41.5684","-117.8388","1280.2","2017-11-11",,,,,"0.00",",,H,2000","0.0",",,H,2000","0",",,H,2000","57",",,H","25",",,H","40",",,H,2000",,,,,,,,,,,,
"USC00265818","OROVADA 3 W, NV US","41.5684","-117.8388","1280.2","2017-11-12",,,,,"0.00",",,H,2000","0.0",",,H,2000","0",",,H,2000","54",",,H","19",",,H","32",",,H,2000",,,,,,,,,,,,
"USC00265818","OROVADA 3 W, NV US","41.5684","-117.8388","1280.2","2017-11-13",,,,,"0.00",",,H,2000","0.0",",,H,2000","0",",,H,2000","61",",,H","23",",,H","46",",,H,2000",,,,,,,,,,,,
"USC00265818","OROVADA 3 W, NV US","41.5684","-117.8388","1280.2","2017-11-14",,,,,"0.00",",,H,2000","0.0",",,H,2000","0",",,H,2000","55",",,H","33",",,H","34",",,H,2000",,,,,,,,,,,,
"USC00265818","OROVADA 3 W, NV US","41.5684","-117.8388","1280.2","2017-11-15",,,,,"0.24",",,H,2000","0.0",",,H,2000","0",",,H,2000","52",",,H","30",",,H","43",",,H,2000",,,,,,,,,,,,
"USC00265818","OROVADA 3 W, NV US","41.5684","-117.8388","1280.2","2017-11-16",,,,,"0.02",",,H,2000","0.0",",,H,2000","0",",,H,2000","51",",,H","42",",,H","46",",,H,2000",,,,,,,,,,,,
"USC00265818","OROVADA 3 W, NV US","41.5684","-117.8388","1280.2","2017-11-17",,,,,"0.06",",,H,2000","0.0",",,H,2000","0",",,H,2000","46",",,H","31",",,H","31",",,H,2000",,,,,,,,,,,,
"USC00265818","OROVADA 3 W, NV US","41.5684","-117.8388","1280.2","2017-11-18",,,,,"0.00",",,H,2000","0.0",",,H,2000","0",",,H,2000","46",",,H","14",",,H","28",",,H,2000",,,,,,,,,,,,
"USC00265818","OROVADA 3 W, NV US","41.5684","-117.8388","1280.2","2017-11-19",,,,,"0.00",",,H,2000","0.0",",,H,2000","0",",,H,2000","45",",,H","16",",,H","36",",,H,2000",,,,,,,,,,,,
"USC00265818","OROVADA 3 W, NV US","41.5684","-117.8388","1280.2","2017-11-20",,,,,"0.01",",,H,2000","0.0",",,H,2000","0",",,H,2000","57",",,H","35",",,H","52",",,H,2000",,,,,,,,,,,,
"USC00265818","OROVADA 3 W, NV US","41.5684","-117.8388","1280.2","2017-11-21",,,,,"0.00",",,H,2000","0.0",",,H,2000","0",",,H,2000","65",",,H","43",",,H","53",",,H,2000",,,,,,,,,,,,
"USC00265818","OROVADA 3 W, NV US","41.5684","-117.8388","1280.2","2017-11-22",,,,,"0.00",",,H,2000","0.0",",,H,2000","0",",,H,2000","69",",,H","35",",,H","49",",,H,2000",,,,,,,,,,,,
"USC00265818","OROVADA 3 W, NV US","41.5684","-117.8388","1280.2","2017-11-23",,,,,"0.00",",,H,2000","0.0",",,H,2000","0",",,H,2000","67",",,H","38",",,H","52",",,H,2000",,,,,,,,,,,,
"USC00265818","OROVADA 3 W, NV US","41.5684","-117.8388","1280.2","2017-11-24",,,,,"0.00",",,H,2000","0.0",",,H,2000","0",",,H,2000","59",",,H","42",",,H","43",",,H,2000",,,,,,,,,,,,
"USC00265818","OROVADA 3 W, NV US","41.5684","-117.8388","1280.2","2017-11-25",,,,,"0.00",",,H,2000","0.0",",,H,2000","0",",,H,2000","63",",,H","30",",,H","51",",,H,2000",,,,,,,,,,,,
"USC00265818","OROVADA 3 W, NV US","41.5684","-117.8388","1280.2","2017-11-26",,,,,"0.00",",,H,2000","0.0",",,H,2000","0",",,H,2000","72",",,H","41",",,H","58",",,H,2000",,,,,,,,,,,,
"USC00265818","OROVADA 3 W, NV US","41.5684","-117.8388","1280.2","2017-11-27",,,,,"0.12",",,H,2000","0.0",",,H,2000","0",",,H,2000","59",",,H","33",",,H","33",",,H,2000",,,,,,,,,,,,
"USC00265818","OROVADA 3 W, NV US","41.5684","-117.8388","1280.2","2017-11-28",,,,,"0.00",",,H,2000","0.0",",,H,2000","0",",,H,2000","50",",,H","18",",,H","33",",,H,2000",,,,,,,,,,,,
"USC00265818","OROVADA 3 W, NV US","41.5684","-117.8388","1280.2","2017-11-29",,,,,"0.00",",,H,2000","0.0",",,H,2000","0",",,H,2000","45",",,H","21",",,H","21",",,H,2000",,,,,,,,,,,,
"USC00265818","OROVADA 3 W, NV US","41.5684","-117.8388","1280.2","2017-11-30",,,,,"0.00",",,H,2000","0.0",",,H,2000","0",",,H,2000","47",",,H","17",",,H","39",",,H,2000",,,,,,,,,,,,
"USC00265818","OROVADA 3 W, NV US","41.5684","-117.8388","1280.2","2017-12-01",,,,,"0.00",",,H,2000","0.0",",,H,2000","0",",,H,2000","50",",,H","20",",,H","29",",,H,2000",,,,,,,,,,,,
"USC00265818","OROVADA 3 W, NV US","41.5684","-117.8388","1280.2","2017-12-02",,,,,"0.00",",,H,2000","0.0",",,H,2000","0",",,H,2000","52",",,H","20",",,H","44",",,H,2000",,,,,,,,,,,,
"USC00265818","OROVADA 3 W, NV US","41.5684","-117.8388","1280.2","2017-12-03",,,,,"0.04",",,H,2000","0.0",",,H,2000","0",",,H,2000","46",",,H","29",",,H","30",",,H,2000",,,,,,,,,,,,
"USC00265818","OROVADA 3 W, NV US","41.5684","-117.8388","1280.2","2017-12-04",,,,,"0.00",",,H,2000","0.0",",,H,2000","0",",,H,2000","37",",,H","10",",,H","22",",,H,2000",,,,,,,,,,,,
"USC00265818","OROVADA 3 W, NV US","41.5684","-117.8388","1280.2","2017-12-05",,,,,"0.00",",,H,2000","0.0",",,H,2000","0",",,H,2000","41",",,H","6",",,H","20",",,H,2000",,,,,,,,,,,,
"USC00265818","OROVADA 3 W, NV US","41.5684","-117.8388","1280.2","2017-12-06",,,,,"0.00",",,H,2000","0.0",",,H,2000","0",",,H,2000","47",",,H","10",",,H","25",",,H,2000",,,,,,,,,,,,
"USC00265818","OROVADA 3 W, NV US","41.5684","-117.8388","1280.2","2017-12-07",,,,,"0.00",",,H,2000","0.0",",,H,2000","0",",,H,2000","45",",,H","6",",,H","21",",,H,2000",,,,,,,,,,,,
"USC00265818","OROVADA 3 W, NV US","41.5684","-117.8388","1280.2","2017-12-08",,,,,"0.00",",,H,2000","0.0",",,H,2000","0",",,H,2000","47",",,H","5",",,H","20",",,H,2000",,,,,,,,,,,,
"USC00265818","OROVADA 3 W, NV US","41.5684","-117.8388","1280.2","2017-12-09",,,,,"0.00",",,H,2000","0.0",",,H,2000","0",",,H,2000","47",",,H","5",",,H","22",",,H,2000",,,,,,,,,,,,
"USC00265818","OROVADA 3 W, NV US","41.5684","-117.8388","1280.2","2017-12-10",,,,,"0.00",",,H,2000","0.0",",,H,2000","0",",,H,2000","48",",,H","5",",,H","15",",,H,2000",,,,,,,,,,,,
